{
  "IcoMoonType": "selection",
  "icons": [
    {
      "icon": {
        "paths": [
          "M731.429 585.143h174.286c-6.857 7.429-11.429 11.429-12.571 12.571l-356 342.857c-6.857 6.857-16 10.286-25.143 10.286s-18.286-3.429-25.143-10.286l-356.571-344c-1.143-0.571-5.714-4.571-12-11.429h210.857c16.571 0 31.429-11.429 35.429-27.429l40-160.571 108.571 381.143c4.571 15.429 18.857 26.286 35.429 26.286v0c16 0 30.286-10.857 34.857-26.286l83.429-277.143 32 64c6.286 12 18.857 20 32.571 20zM1024 340.571c0 65.714-28.571 125.714-58.857 171.429h-210.857l-63.429-126.286c-6.286-13.143-21.143-21.143-35.429-20-15.429 1.714-28 11.429-32 26.286l-73.714 245.714-112-392c-4.571-15.429-18.857-26.286-36-26.286-16.571 0-30.857 11.429-34.857 27.429l-66.286 265.143h-241.714c-30.286-45.714-58.857-105.714-58.857-171.429 0-167.429 102.286-267.429 273.143-267.429 100 0 193.714 78.857 238.857 123.429 45.143-44.571 138.857-123.429 238.857-123.429 170.857 0 273.143 100 273.143 267.429z"
        ],
        "attrs": [
          {}
        ],
        "isMulticolor": false,
        "isMulticolor2": false,
        "tags": [
          "heartbeat"
        ],
        "grid": 14
      },
      "attrs": [
        {}
      ],
      "properties": {
        "order": 1,
        "id": 4,
        "prevSize": 28,
        "code": 59650,
        "name": "heartbeat"
      },
      "setIdx": 0,
      "setId": 4,
      "iconIdx": 0
    },
    {
      "icon": {
        "paths": [
          "M950.857 340.571c0-160.571-108.571-194.286-200-194.286-85.143 0-181.143 92-210.857 127.429-13.714 16.571-42.286 16.571-56 0-29.714-35.429-125.714-127.429-210.857-127.429-91.429 0-200 33.714-200 194.286 0 104.571 105.714 201.714 106.857 202.857l332 320 331.429-319.429c1.714-1.714 107.429-98.857 107.429-203.429zM1024 340.571c0 137.143-125.714 252-130.857 257.143l-356 342.857c-6.857 6.857-16 10.286-25.143 10.286s-18.286-3.429-25.143-10.286l-356.571-344c-4.571-4-130.286-118.857-130.286-256 0-167.429 102.286-267.429 273.143-267.429 100 0 193.714 78.857 238.857 123.429 45.143-44.571 138.857-123.429 238.857-123.429 170.857 0 273.143 100 273.143 267.429z"
        ],
        "attrs": [
          {}
        ],
        "isMulticolor": false,
        "isMulticolor2": false,
        "tags": [
          "heart-o"
        ],
        "grid": 14
      },
      "attrs": [
        {}
      ],
      "properties": {
        "order": 2,
        "id": 3,
        "prevSize": 28,
        "code": 59651,
        "name": "heart-o"
      },
      "setIdx": 0,
      "setId": 4,
      "iconIdx": 1
    },
    {
      "icon": {
        "paths": [
          "M512 950.857c-9.143 0-18.286-3.429-25.143-10.286l-356.571-344c-4.571-4-130.286-118.857-130.286-256 0-167.429 102.286-267.429 273.143-267.429 100 0 193.714 78.857 238.857 123.429 45.143-44.571 138.857-123.429 238.857-123.429 170.857 0 273.143 100 273.143 267.429 0 137.143-125.714 252-130.857 257.143l-356 342.857c-6.857 6.857-16 10.286-25.143 10.286z"
        ],
        "attrs": [
          {}
        ],
        "isMulticolor": false,
        "isMulticolor2": false,
        "tags": [
          "heart"
        ],
        "grid": 14
      },
      "attrs": [
        {}
      ],
      "properties": {
        "order": 3,
        "id": 2,
        "prevSize": 28,
        "code": 59652,
        "name": "heart"
      },
      "setIdx": 0,
      "setId": 4,
      "iconIdx": 2
    }
  ],
  "height": 1024,
  "metadata": {
    "name": "icomoon"
  },
  "preferences": {
    "showGlyphs": true,
    "showQuickUse": true,
    "showQuickUse2": true,
    "showSVGs": true,
    "fontPref": {
      "prefix": "icon-",
      "metadata": {
        "fontFamily": "icomoon"
      },
      "metrics": {
        "emSize": 1024,
        "baseline": 6.25,
        "whitespace": 50
      },
      "embed": false
    },
    "imagePref": {
      "prefix": "icon-",
      "png": true,
      "useClassSelector": true,
      "color": 0,
      "bgColor": 16777215,
      "classSelector": ".icon"
    },
    "historySize": 100,
    "showCodes": true,
    "gridSize": 16,
    "showGrid": false
  }
}